PassengerID,FirstName,LastName,DOB,Email,CreatedDateTime,LastupdateDateTime
P1,P1_First_Name,P1_Last_Name,2024-06-15,,2025-08-21 07:00,2025-08-21 07:00
P2,P2_First_Name,P2_Last_Name,2023-08-22,P2@example.com,2025-08-21 07:00,2025-08-21 07:00
P3,P3_First_Name,P3_Last_Name,2015-03-10,P3@example.com,2025-08-21 07:00,2025-08-21 07:00
P4,P4_First_Name,P4_Last_Name,2010-06-15,P4@example.com,2025-08-21 07:00,2025-08-21 07:00
P1,P1_First_Name,P1_Last_Name,2024-06-15,P1@example.com,2025-08-21 07:00,2025-08-22 07:00
P5,P5_First_Name,P5_Last_Name,2000-08-22,P5@example.com,2025-08-21 07:00,2025-08-21 07:00
P6,P6_First_Name,P6_Last_Name,1998-03-10,P6@example.com,2025-08-21 07:00,2025-08-21 07:00
P7,P7_First_Name,P7_Last_Name,1995-06-15,P7@example.com,2025-08-21 07:00,2025-08-21 07:00
P8,P8_First_Name,P8_Last_Name,1986-08-03,P8@example.com,2025-08-21 07:00,2025-08-21 07:00
P9,P9_First_Name,P9_Last_Name,1945-03-10,P9@example.com,2025-08-21 07:00,2025-08-21 07:00
P10,P10_First_Name,P10_Last_Name,2001-06-15,P10@example.com,2025-08-21 07:00,2025-08-21 07:00
P11,P11_First_Name,P11_Last_Name,2003-08-22,P11@example.com,2025-08-21 07:00,2025-08-21 07:00
P12,P12_First_Name,P12_Last_Name,2015-03-10,P12@example.com,2025-08-21 07:00,2025-08-21 07:00
P13,P13_First_Name,P13_Last_Name,2024-06-15,P13@example.com,2025-08-21 07:00,2025-08-21 07:00
P14,P14_First_Name,P14_Last_Name,2023-08-22,P14@example.com,2025-08-21 08:00,2025-08-21 08:00
P14,P14_First_Name,P14_Last_Name,2023-08-22,P14@example.com,2025-08-21 07:00,2025-08-23 07:00